sentence_id,word_id,word,original_word,position,sentence,length,frequency,log_frequency,difficulty,skip_probability,regression_probability,total_occurrences
57,0,fleming,Fleming,0,Fleming was born Marilyn Fleming in Canada.,7,4.45,0.6483600109809317,0.9410581808199153,0.0,0.0,1
57,1,was,was,1,Fleming was born Marilyn Fleming in Canada.,3,5654.73,3.75241187322089,0.65887164788901,0.0,0.0,1
57,2,born,born,2,Fleming was born Marilyn Fleming in Canada.,4,83.69,1.9226735678585543,0.8252114938310405,0.0,0.0,1
57,3,marilyn,Marilyn,3,Fleming was born Marilyn Fleming in Canada.,7,8.84,0.9464522650130731,0.9139588849988115,0.0,1.0,1
57,4,fleming,Fleming,4,Fleming was born Marilyn Fleming in Canada.,7,4.45,0.6483600109809317,0.9410581808199153,0.0,0.0,1
57,5,in,in,5,Fleming was born Marilyn Fleming in Canada.,2,9773.41,3.9900461180481677,0.6372685347228939,0.0,0.0,1
57,6,canada,Canada.,6,Fleming was born Marilyn Fleming in Canada.,6,10.78,1.0326187608507198,0.9061255671953892,0.0,0.0,1
12,0,in,In,0,"In 1879, he left home for the nearby city of Detroit to work as an apprentice machinist, first with James F. Flower & Bros., and later with the Detroit Dry Dock Co.",2,9773.41,3.9900461180481677,0.6372685347228939,0.0,0.0,1
12,1,1879,"1879,",1,"In 1879, he left home for the nearby city of Detroit to work as an apprentice machinist, first with James F. Flower & Bros., and later with the Detroit Dry Dock Co.",4,1.0,0.0,1.0,0.0,1.0,1
12,2,he,he,2,"In 1879, he left home for the nearby city of Detroit to work as an apprentice machinist, first with James F. Flower & Bros., and later with the Detroit Dry Dock Co.",2,7637.2,3.882934163885178,0.6470059851013474,0.0,0.0,1
12,3,left,left,3,"In 1879, he left home for the nearby city of Detroit to work as an apprentice machinist, first with James F. Flower & Bros., and later with the Detroit Dry Dock Co.",4,484.45,2.68524896024201,0.7558864581598173,0.0,0.0,1
12,4,home,home,4,"In 1879, he left home for the nearby city of Detroit to work as an apprentice machinist, first with James F. Flower & Bros., and later with the Detroit Dry Dock Co.",4,774.33,2.888926085535086,0.7373703558604467,0.0,1.0,1
12,5,for,for,5,"In 1879, he left home for the nearby city of Detroit to work as an apprentice machinist, first with James F. Flower & Bros., and later with the Detroit Dry Dock Co.",3,6895.1,3.8385405691533854,0.6510417664406014,0.0,0.0,1
12,6,the,the,6,"In 1879, he left home for the nearby city of Detroit to work as an apprentice machinist, first with James F. Flower & Bros., and later with the Detroit Dry Dock Co.",3,29449.18,4.469073206544746,0.5937206175868412,0.0,0.0,1
12,7,nearby,nearby,7,"In 1879, he left home for the nearby city of Detroit to work as an apprentice machinist, first with James F. Flower & Bros., and later with the Detroit Dry Dock Co.",6,8.33,0.9206450014067876,0.9163049998721102,0.0,0.0,1
12,8,city,city,8,"In 1879, he left home for the nearby city of Detroit to work as an apprentice machinist, first with James F. Flower & Bros., and later with the Detroit Dry Dock Co.",4,169.1,2.2281436075977417,0.7974414902183871,0.0,0.0,1
12,9,of,of,9,"In 1879, he left home for the nearby city of Detroit to work as an apprentice machinist, first with James F. Flower & Bros., and later with the Detroit Dry Dock Co.",2,11577.24,4.063605036452092,0.6305813603225371,0.0,0.0,1
12,10,detroit,Detroit,10,"In 1879, he left home for the nearby city of Detroit to work as an apprentice machinist, first with James F. Flower & Bros., and later with the Detroit Dry Dock Co.",7,10.55,1.0232524596337116,0.9069770491242081,0.0,0.0,1
12,11,to,to,11,"In 1879, he left home for the nearby city of Detroit to work as an apprentice machinist, first with James F. Flower & Bros., and later with the Detroit Dry Dock Co.",2,22677.84,4.355601686871926,0.6040362102843704,0.0,0.0,1
12,12,work,work,12,"In 1879, he left home for the nearby city of Detroit to work as an apprentice machinist, first with James F. Flower & Bros., and later with the Detroit Dry Dock Co.",4,798.02,2.9020137757878146,0.7361805658374714,0.0,0.0,1
12,13,as,as,13,"In 1879, he left home for the nearby city of Detroit to work as an apprentice machinist, first with James F. Flower & Bros., and later with the Detroit Dry Dock Co.",2,2217.02,3.345769610954118,0.6958391262768984,0.0,0.0,1
12,14,an,an,14,"In 1879, he left home for the nearby city of Detroit to work as an apprentice machinist, first with James F. Flower & Bros., and later with the Detroit Dry Dock Co.",2,1864.14,3.2704785254773365,0.7026837704111513,0.0,0.0,1
12,15,apprentice,apprentice,15,"In 1879, he left home for the nearby city of Detroit to work as an apprentice machinist, first with James F. Flower & Bros., and later with the Detroit Dry Dock Co.",10,1.94,0.287801729930226,0.9738362063699795,0.0,0.0,1
12,16,machinist,"machinist,",16,"In 1879, he left home for the nearby city of Detroit to work as an apprentice machinist, first with James F. Flower & Bros., and later with the Detroit Dry Dock Co.",9,0.41,-0.38721614328026455,1.0352014675709331,0.0,1.0,1
12,17,first,first,17,"In 1879, he left home for the nearby city of Detroit to work as an apprentice machinist, first with James F. Flower & Bros., and later with the Detroit Dry Dock Co.",5,840.57,2.9245738859466557,0.7341296467321222,0.0,0.0,1
12,18,with,with,18,"In 1879, he left home for the nearby city of Detroit to work as an apprentice machinist, first with James F. Flower & Bros., and later with the Detroit Dry Dock Co.",4,5048.33,3.7031477361914535,0.663350205800777,0.0,0.0,1
12,19,james,James,19,"In 1879, he left home for the nearby city of Detroit to work as an apprentice machinist, first with James F. Flower & Bros., and later with the Detroit Dry Dock Co.",5,65.84,1.8184898222042134,0.8346827434359806,0.0,1.0,1
12,20,f,F.,20,"In 1879, he left home for the nearby city of Detroit to work as an apprentice machinist, first with James F. Flower & Bros., and later with the Detroit Dry Dock Co.",1,1.0,0.0,1.0,0.0,1.0,1
12,21,flower,Flower,21,"In 1879, he left home for the nearby city of Detroit to work as an apprentice machinist, first with James F. Flower & Bros., and later with the Detroit Dry Dock Co.",6,22.76,1.3571722577230336,0.8766207038433605,0.0,1.0,1
12,22,,&,22,"In 1879, he left home for the nearby city of Detroit to work as an apprentice machinist, first with James F. Flower & Bros., and later with the Detroit Dry Dock Co.",0,1.0,0.0,1.0,0.0,0.0,1
12,23,bros,"Bros.,",23,"In 1879, he left home for the nearby city of Detroit to work as an apprentice machinist, first with James F. Flower & Bros., and later with the Detroit Dry Dock Co.",4,1.1,0.04139268515822507,0.9962370286219795,0.0,1.0,1
12,24,and,and,24,"In 1879, he left home for the nearby city of Detroit to work as an apprentice machinist, first with James F. Flower & Bros., and later with the Detroit Dry Dock Co.",3,13387.84,4.126710513400982,0.6248444987817289,0.0,0.0,1
12,25,later,later,25,"In 1879, he left home for the nearby city of Detroit to work as an apprentice machinist, first with James F. Flower & Bros., and later with the Detroit Dry Dock Co.",5,291.94,2.465293603686642,0.7758823996648507,0.0,0.0,1
12,26,with,with,26,"In 1879, he left home for the nearby city of Detroit to work as an apprentice machinist, first with James F. Flower & Bros., and later with the Detroit Dry Dock Co.",4,5048.33,3.7031477361914535,0.663350205800777,0.0,0.0,1
12,27,the,the,27,"In 1879, he left home for the nearby city of Detroit to work as an apprentice machinist, first with James F. Flower & Bros., and later with the Detroit Dry Dock Co.",3,29449.18,4.469073206544746,0.5937206175868412,0.0,0.0,1
12,28,detroit,Detroit,28,"In 1879, he left home for the nearby city of Detroit to work as an apprentice machinist, first with James F. Flower & Bros., and later with the Detroit Dry Dock Co.",7,10.55,1.0232524596337116,0.9069770491242081,0.0,0.0,1
12,29,dry,Dry,29,"In 1879, he left home for the nearby city of Detroit to work as an apprentice machinist, first with James F. Flower & Bros., and later with the Detroit Dry Dock Co.",3,42.82,1.6316466629584194,0.8516684851855982,0.0,0.0,1
12,30,dock,Dock,30,"In 1879, he left home for the nearby city of Detroit to work as an apprentice machinist, first with James F. Flower & Bros., and later with the Detroit Dry Dock Co.",4,9.75,0.9890046156985368,0.9100904894819513,0.0,0.0,1
12,31,co,Co.,31,"In 1879, he left home for the nearby city of Detroit to work as an apprentice machinist, first with James F. Flower & Bros., and later with the Detroit Dry Dock Co.",2,5.59,0.7474118078864233,0.9320534720103252,0.0,0.0,1
140,0,elvis,Elvis,0,"Elvis Aron Presley (January 8, 1935 – August 16, 1977), also known as The King of Rock and Roll (sometimes shortened to The King) was an American singer and actor.",5,10.53,1.0224283711854865,0.9070519662558649,0.0,1.0,1
140,1,aron,Aron,1,"Elvis Aron Presley (January 8, 1935 – August 16, 1977), also known as The King of Rock and Roll (sometimes shortened to The King) was an American singer and actor.",4,1.0,0.0,1.0,0.0,1.0,1
140,2,presley,Presley,2,"Elvis Aron Presley (January 8, 1935 – August 16, 1977), also known as The King of Rock and Roll (sometimes shortened to The King) was an American singer and actor.",7,1.43,0.1553360374650618,0.9858785420486308,0.0,1.0,1
140,3,january,(January,3,"Elvis Aron Presley (January 8, 1935 – August 16, 1977), also known as The King of Rock and Roll (sometimes shortened to The King) was an American singer and actor.",7,6.69,0.8254261177678232,0.924961262021107,0.0,1.0,1
140,4,8,"8,",4,"Elvis Aron Presley (January 8, 1935 – August 16, 1977), also known as The King of Rock and Roll (sometimes shortened to The King) was an American singer and actor.",1,1.0,0.0,1.0,0.0,1.0,1
140,5,1935,1935,5,"Elvis Aron Presley (January 8, 1935 – August 16, 1977), also known as The King of Rock and Roll (sometimes shortened to The King) was an American singer and actor.",4,1.0,0.0,1.0,0.0,1.0,1
140,6,–,–,6,"Elvis Aron Presley (January 8, 1935 – August 16, 1977), also known as The King of Rock and Roll (sometimes shortened to The King) was an American singer and actor.",1,1.0,0.0,1.0,0.0,1.0,1
140,7,august,August,7,"Elvis Aron Presley (January 8, 1935 – August 16, 1977), also known as The King of Rock and Roll (sometimes shortened to The King) was an American singer and actor.",6,10.2,1.0086001717619175,0.9083090752943711,0.0,0.0,1
140,8,16,"16,",8,"Elvis Aron Presley (January 8, 1935 – August 16, 1977), also known as The King of Rock and Roll (sometimes shortened to The King) was an American singer and actor.",2,1.0,0.0,1.0,0.0,1.0,1
140,9,1977,"1977),",9,"Elvis Aron Presley (January 8, 1935 – August 16, 1977), also known as The King of Rock and Roll (sometimes shortened to The King) was an American singer and actor.",4,1.0,0.0,1.0,0.0,1.0,1
140,10,also,also,10,"Elvis Aron Presley (January 8, 1935 – August 16, 1977), also known as The King of Rock and Roll (sometimes shortened to The King) was an American singer and actor.",4,206.43,2.314772812566055,0.7895661079485404,0.0,0.0,1
140,11,known,known,11,"Elvis Aron Presley (January 8, 1935 – August 16, 1977), also known as The King of Rock and Roll (sometimes shortened to The King) was an American singer and actor.",5,123.53,2.0917724414196828,0.809838868961847,0.0,0.0,1
140,12,as,as,12,"Elvis Aron Presley (January 8, 1935 – August 16, 1977), also known as The King of Rock and Roll (sometimes shortened to The King) was an American singer and actor.",2,2217.02,3.345769610954118,0.6958391262768984,0.0,0.0,1
140,13,the,The,13,"Elvis Aron Presley (January 8, 1935 – August 16, 1977), also known as The King of Rock and Roll (sometimes shortened to The King) was an American singer and actor.",3,29449.18,4.469073206544746,0.5937206175868412,0.0,0.0,1
140,14,king,King,14,"Elvis Aron Presley (January 8, 1935 – August 16, 1977), also known as The King of Rock and Roll (sometimes shortened to The King) was an American singer and actor.",4,129.25,2.11143055176598,0.8080517680212745,0.0,0.0,1
140,15,of,of,15,"Elvis Aron Presley (January 8, 1935 – August 16, 1977), also known as The King of Rock and Roll (sometimes shortened to The King) was an American singer and actor.",2,11577.24,4.063605036452092,0.6305813603225371,0.0,0.0,1
140,16,rock,Rock,16,"Elvis Aron Presley (January 8, 1935 – August 16, 1977), also known as The King of Rock and Roll (sometimes shortened to The King) was an American singer and actor.",4,86.16,1.935305690289925,0.8240631190645522,0.0,0.0,1
140,17,and,and,17,"Elvis Aron Presley (January 8, 1935 – August 16, 1977), also known as The King of Rock and Roll (sometimes shortened to The King) was an American singer and actor.",3,13387.84,4.126710513400982,0.6248444987817289,0.0,0.0,1
140,18,roll,Roll,18,"Elvis Aron Presley (January 8, 1935 – August 16, 1977), also known as The King of Rock and Roll (sometimes shortened to The King) was an American singer and actor.",4,63.27,1.8011978344591488,0.8362547423218956,0.0,0.0,1
140,19,sometimes,(sometimes,19,"Elvis Aron Presley (January 8, 1935 – August 16, 1977), also known as The King of Rock and Roll (sometimes shortened to The King) was an American singer and actor.",9,179.0,2.2528530309798933,0.7951951790018279,0.0,0.0,1
140,20,shortened,shortened,20,"Elvis Aron Presley (January 8, 1935 – August 16, 1977), also known as The King of Rock and Roll (sometimes shortened to The King) was an American singer and actor.",9,0.47,-0.3279021420642826,1.0298092856422074,0.0,0.0,1
140,21,to,to,21,"Elvis Aron Presley (January 8, 1935 – August 16, 1977), also known as The King of Rock and Roll (sometimes shortened to The King) was an American singer and actor.",2,22677.84,4.355601686871926,0.6040362102843704,0.0,0.0,1
140,22,the,The,22,"Elvis Aron Presley (January 8, 1935 – August 16, 1977), also known as The King of Rock and Roll (sometimes shortened to The King) was an American singer and actor.",3,29449.18,4.469073206544746,0.5937206175868412,0.0,0.0,1
140,23,king,King),23,"Elvis Aron Presley (January 8, 1935 – August 16, 1977), also known as The King of Rock and Roll (sometimes shortened to The King) was an American singer and actor.",4,129.25,2.11143055176598,0.8080517680212745,0.0,0.0,1
140,24,was,was,24,"Elvis Aron Presley (January 8, 1935 – August 16, 1977), also known as The King of Rock and Roll (sometimes shortened to The King) was an American singer and actor.",3,5654.73,3.75241187322089,0.65887164788901,0.0,0.0,1
140,25,an,an,25,"Elvis Aron Presley (January 8, 1935 – August 16, 1977), also known as The King of Rock and Roll (sometimes shortened to The King) was an American singer and actor.",2,1864.14,3.2704785254773365,0.7026837704111513,0.0,0.0,1
140,26,american,American,26,"Elvis Aron Presley (January 8, 1935 – August 16, 1977), also known as The King of Rock and Roll (sometimes shortened to The King) was an American singer and actor.",8,102.22,2.009535876619218,0.8173149203073438,0.0,0.0,1
140,27,singer,singer,27,"Elvis Aron Presley (January 8, 1935 – August 16, 1977), also known as The King of Rock and Roll (sometimes shortened to The King) was an American singer and actor.",6,15.69,1.1956229435869368,0.8913070051284603,0.0,0.0,1
140,28,and,and,28,"Elvis Aron Presley (January 8, 1935 – August 16, 1977), also known as The King of Rock and Roll (sometimes shortened to The King) was an American singer and actor.",3,13387.84,4.126710513400982,0.6248444987817289,0.0,0.0,1
140,29,actor,actor.,29,"Elvis Aron Presley (January 8, 1935 – August 16, 1977), also known as The King of Rock and Roll (sometimes shortened to The King) was an American singer and actor.",5,26.33,1.420450859106068,0.8708681037176302,0.0,0.0,1
125,0,the,The,0,"The organization's nonviolent principles were criticized by the younger, more radical blacks and challenged by the Student Nonviolent Coordinating Committee (SNCC) then headed by James Foreman.",3,29449.18,4.469073206544746,0.5937206175868412,0.0,0.0,1
125,1,organizations,organization's,1,"The organization's nonviolent principles were criticized by the younger, more radical blacks and challenged by the Student Nonviolent Coordinating Committee (SNCC) then headed by James Foreman.",13,1.39,0.14301480025409505,0.986998654522355,0.0,1.0,1
125,2,nonviolent,nonviolent,2,"The organization's nonviolent principles were criticized by the younger, more radical blacks and challenged by the Student Nonviolent Coordinating Committee (SNCC) then headed by James Foreman.",10,0.63,-0.2006594505464183,1.0182417682314926,0.0,1.0,1
125,3,principles,principles,3,"The organization's nonviolent principles were criticized by the younger, more radical blacks and challenged by the Student Nonviolent Coordinating Committee (SNCC) then headed by James Foreman.",10,6.0,0.7781512503836436,0.9292589772378506,0.0,1.0,1
125,4,were,were,4,"The organization's nonviolent principles were criticized by the younger, more radical blacks and challenged by the Student Nonviolent Coordinating Committee (SNCC) then headed by James Foreman.",4,1662.82,3.2208452394554197,0.7071958873222346,0.0,0.0,1
125,5,criticized,criticized,5,"The organization's nonviolent principles were criticized by the younger, more radical blacks and challenged by the Student Nonviolent Coordinating Committee (SNCC) then headed by James Foreman.",10,0.65,-0.1870866433571444,1.0170078766688313,0.0,1.0,1
125,6,by,by,6,"The organization's nonviolent principles were criticized by the younger, more radical blacks and challenged by the Student Nonviolent Coordinating Committee (SNCC) then headed by James Foreman.",2,1340.47,3.1272570988259853,0.7157039001067287,0.0,0.0,1
125,7,the,the,7,"The organization's nonviolent principles were criticized by the younger, more radical blacks and challenged by the Student Nonviolent Coordinating Committee (SNCC) then headed by James Foreman.",3,29449.18,4.469073206544746,0.5937206175868412,0.0,0.0,1
125,8,younger,"younger,",8,"The organization's nonviolent principles were criticized by the younger, more radical blacks and challenged by the Student Nonviolent Coordinating Committee (SNCC) then headed by James Foreman.",7,24.65,1.3918169236132487,0.8734711887624319,0.0,1.0,1
125,9,more,more,9,"The organization's nonviolent principles were criticized by the younger, more radical blacks and challenged by the Student Nonviolent Coordinating Committee (SNCC) then headed by James Foreman.",4,1298.59,3.1134720541954923,0.716957085982228,0.0,0.0,1
125,10,radical,radical,10,"The organization's nonviolent principles were criticized by the younger, more radical blacks and challenged by the Student Nonviolent Coordinating Committee (SNCC) then headed by James Foreman.",7,4.27,0.6304278750250238,0.9426883749977251,0.0,0.0,1
125,11,blacks,blacks,11,"The organization's nonviolent principles were criticized by the younger, more radical blacks and challenged by the Student Nonviolent Coordinating Committee (SNCC) then headed by James Foreman.",6,3.33,0.5224442335063199,0.9525050696812436,0.0,1.0,1
125,12,and,and,12,"The organization's nonviolent principles were criticized by the younger, more radical blacks and challenged by the Student Nonviolent Coordinating Committee (SNCC) then headed by James Foreman.",3,13387.84,4.126710513400982,0.6248444987817289,0.0,0.0,1
125,13,challenged,challenged,13,"The organization's nonviolent principles were criticized by the younger, more radical blacks and challenged by the Student Nonviolent Coordinating Committee (SNCC) then headed by James Foreman.",10,4.04,0.6063813651106049,0.9448744213535814,0.0,1.0,1
125,14,by,by,14,"The organization's nonviolent principles were criticized by the younger, more radical blacks and challenged by the Student Nonviolent Coordinating Committee (SNCC) then headed by James Foreman.",2,1340.47,3.1272570988259853,0.7157039001067287,0.0,0.0,1
125,15,the,the,15,"The organization's nonviolent principles were criticized by the younger, more radical blacks and challenged by the Student Nonviolent Coordinating Committee (SNCC) then headed by James Foreman.",3,29449.18,4.469073206544746,0.5937206175868412,0.0,0.0,1
125,16,student,Student,16,"The organization's nonviolent principles were criticized by the younger, more radical blacks and challenged by the Student Nonviolent Coordinating Committee (SNCC) then headed by James Foreman.",7,43.04,1.6338722626583326,0.8514661579401516,0.0,0.0,1
125,17,nonviolent,Nonviolent,17,"The organization's nonviolent principles were criticized by the younger, more radical blacks and challenged by the Student Nonviolent Coordinating Committee (SNCC) then headed by James Foreman.",10,0.63,-0.2006594505464183,1.0182417682314926,0.0,1.0,1
125,18,coordinating,Coordinating,18,"The organization's nonviolent principles were criticized by the younger, more radical blacks and challenged by the Student Nonviolent Coordinating Committee (SNCC) then headed by James Foreman.",12,1.12,0.04921802267018165,0.9955256343027108,0.0,0.0,1
125,19,committee,Committee,19,"The organization's nonviolent principles were criticized by the younger, more radical blacks and challenged by the Student Nonviolent Coordinating Committee (SNCC) then headed by James Foreman.",9,22.02,1.342817314635733,0.8779256986694788,0.0,0.0,1
125,20,sncc,(SNCC),20,"The organization's nonviolent principles were criticized by the younger, more radical blacks and challenged by the Student Nonviolent Coordinating Committee (SNCC) then headed by James Foreman.",4,1.0,0.0,1.0,0.0,0.0,1
125,21,then,then,21,"The organization's nonviolent principles were criticized by the younger, more radical blacks and challenged by the Student Nonviolent Coordinating Committee (SNCC) then headed by James Foreman.",4,1489.53,3.17304925458245,0.7115409768561409,0.0,0.0,1
125,22,headed,headed,22,"The organization's nonviolent principles were criticized by the younger, more radical blacks and challenged by the Student Nonviolent Coordinating Committee (SNCC) then headed by James Foreman.",6,30.78,1.4882686154954599,0.8647028531367764,0.0,0.0,1
125,23,by,by,23,"The organization's nonviolent principles were criticized by the younger, more radical blacks and challenged by the Student Nonviolent Coordinating Committee (SNCC) then headed by James Foreman.",2,1340.47,3.1272570988259853,0.7157039001067287,0.0,0.0,1
125,24,james,James,24,"The organization's nonviolent principles were criticized by the younger, more radical blacks and challenged by the Student Nonviolent Coordinating Committee (SNCC) then headed by James Foreman.",5,65.84,1.8184898222042134,0.8346827434359806,0.0,0.0,1
125,25,foreman,Foreman.,25,"The organization's nonviolent principles were criticized by the younger, more radical blacks and challenged by the Student Nonviolent Coordinating Committee (SNCC) then headed by James Foreman.",7,5.55,0.7442929831226762,0.9323370015343022,0.0,0.0,1
114,0,his,His,0,"His most important scientific work is his Zoönomia (1794–1796), which contains a system of pathology, and a treatise on ""generation,"" in which he, in the words of his famous grandson, Charles Robert Darwin, anticipated the views of Jean-Baptiste Lamarck, who in turn is regarded to have foreshadowed the theory of evolution.",3,2124.78,3.3273139698064678,0.6975169118357756,0.0,0.0,1
114,1,most,most,1,"His most important scientific work is his Zoönomia (1794–1796), which contains a system of pathology, and a treatise on ""generation,"" in which he, in the words of his famous grandson, Charles Robert Darwin, anticipated the views of Jean-Baptiste Lamarck, who in turn is regarded to have foreshadowed the theory of evolution.",4,350.76,2.545010061405061,0.7686354489631763,0.0,0.0,1
114,2,important,important,2,"His most important scientific work is his Zoönomia (1794–1796), which contains a system of pathology, and a treatise on ""generation,"" in which he, in the words of his famous grandson, Charles Robert Darwin, anticipated the views of Jean-Baptiste Lamarck, who in turn is regarded to have foreshadowed the theory of evolution.",9,207.59,2.3172064288998246,0.789344870100016,0.0,0.0,1
114,3,scientific,scientific,3,"His most important scientific work is his Zoönomia (1794–1796), which contains a system of pathology, and a treatise on ""generation,"" in which he, in the words of his famous grandson, Charles Robert Darwin, anticipated the views of Jean-Baptiste Lamarck, who in turn is regarded to have foreshadowed the theory of evolution.",10,11.37,1.0557604646877348,0.9040217759374787,0.0,0.0,1
114,4,work,work,4,"His most important scientific work is his Zoönomia (1794–1796), which contains a system of pathology, and a treatise on ""generation,"" in which he, in the words of his famous grandson, Charles Robert Darwin, anticipated the views of Jean-Baptiste Lamarck, who in turn is regarded to have foreshadowed the theory of evolution.",4,798.02,2.9020137757878146,0.7361805658374714,0.0,0.0,1
114,5,is,is,5,"His most important scientific work is his Zoönomia (1794–1796), which contains a system of pathology, and a treatise on ""generation,"" in which he, in the words of his famous grandson, Charles Robert Darwin, anticipated the views of Jean-Baptiste Lamarck, who in turn is regarded to have foreshadowed the theory of evolution.",2,9013.0,3.9548693710664784,0.6404664208121383,0.0,0.0,1
114,6,his,his,6,"His most important scientific work is his Zoönomia (1794–1796), which contains a system of pathology, and a treatise on ""generation,"" in which he, in the words of his famous grandson, Charles Robert Darwin, anticipated the views of Jean-Baptiste Lamarck, who in turn is regarded to have foreshadowed the theory of evolution.",3,2124.78,3.3273139698064678,0.6975169118357756,0.0,0.0,1
114,7,zoönomia,Zoönomia,7,"His most important scientific work is his Zoönomia (1794–1796), which contains a system of pathology, and a treatise on ""generation,"" in which he, in the words of his famous grandson, Charles Robert Darwin, anticipated the views of Jean-Baptiste Lamarck, who in turn is regarded to have foreshadowed the theory of evolution.",8,1.0,0.0,1.0,0.0,1.0,1
114,8,1794–1796,"(1794–1796),",8,"His most important scientific work is his Zoönomia (1794–1796), which contains a system of pathology, and a treatise on ""generation,"" in which he, in the words of his famous grandson, Charles Robert Darwin, anticipated the views of Jean-Baptiste Lamarck, who in turn is regarded to have foreshadowed the theory of evolution.",9,1.0,0.0,1.0,0.0,1.0,1
114,9,which,which,9,"His most important scientific work is his Zoönomia (1794–1796), which contains a system of pathology, and a treatise on ""generation,"" in which he, in the words of his famous grandson, Charles Robert Darwin, anticipated the views of Jean-Baptiste Lamarck, who in turn is regarded to have foreshadowed the theory of evolution.",5,477.24,2.6787368370336053,0.7564784693605813,0.0,0.0,1
114,10,contains,contains,10,"His most important scientific work is his Zoönomia (1794–1796), which contains a system of pathology, and a treatise on ""generation,"" in which he, in the words of his famous grandson, Charles Robert Darwin, anticipated the views of Jean-Baptiste Lamarck, who in turn is regarded to have foreshadowed the theory of evolution.",8,5.1,0.7075701760979364,0.9356754385365512,0.0,1.0,1
114,11,a,a,11,"His most important scientific work is his Zoönomia (1794–1796), which contains a system of pathology, and a treatise on ""generation,"" in which he, in the words of his famous grandson, Charles Robert Darwin, anticipated the views of Jean-Baptiste Lamarck, who in turn is regarded to have foreshadowed the theory of evolution.",1,20415.27,4.309955128012859,0.6081858974533765,0.0,0.0,1
114,12,system,system,12,"His most important scientific work is his Zoönomia (1794–1796), which contains a system of pathology, and a treatise on ""generation,"" in which he, in the words of his famous grandson, Charles Robert Darwin, anticipated the views of Jean-Baptiste Lamarck, who in turn is regarded to have foreshadowed the theory of evolution.",6,91.51,1.9614685553507862,0.8216846767862922,0.0,0.0,1
114,13,of,of,13,"His most important scientific work is his Zoönomia (1794–1796), which contains a system of pathology, and a treatise on ""generation,"" in which he, in the words of his famous grandson, Charles Robert Darwin, anticipated the views of Jean-Baptiste Lamarck, who in turn is regarded to have foreshadowed the theory of evolution.",2,11577.24,4.063605036452092,0.6305813603225371,0.0,0.0,1
114,14,pathology,"pathology,",14,"His most important scientific work is his Zoönomia (1794–1796), which contains a system of pathology, and a treatise on ""generation,"" in which he, in the words of his famous grandson, Charles Robert Darwin, anticipated the views of Jean-Baptiste Lamarck, who in turn is regarded to have foreshadowed the theory of evolution.",9,1.43,0.1553360374650618,0.9858785420486308,0.0,1.0,1
114,15,and,and,15,"His most important scientific work is his Zoönomia (1794–1796), which contains a system of pathology, and a treatise on ""generation,"" in which he, in the words of his famous grandson, Charles Robert Darwin, anticipated the views of Jean-Baptiste Lamarck, who in turn is regarded to have foreshadowed the theory of evolution.",3,13387.84,4.126710513400982,0.6248444987817289,0.0,0.0,1
114,16,a,a,16,"His most important scientific work is his Zoönomia (1794–1796), which contains a system of pathology, and a treatise on ""generation,"" in which he, in the words of his famous grandson, Charles Robert Darwin, anticipated the views of Jean-Baptiste Lamarck, who in turn is regarded to have foreshadowed the theory of evolution.",1,20415.27,4.309955128012859,0.6081858974533765,0.0,0.0,1
114,17,treatise,treatise,17,"His most important scientific work is his Zoönomia (1794–1796), which contains a system of pathology, and a treatise on ""generation,"" in which he, in the words of his famous grandson, Charles Robert Darwin, anticipated the views of Jean-Baptiste Lamarck, who in turn is regarded to have foreshadowed the theory of evolution.",8,0.29,-0.5376020021010439,1.0488729092819131,0.0,0.0,1
114,18,on,on,18,"His most important scientific work is his Zoönomia (1794–1796), which contains a system of pathology, and a treatise on ""generation,"" in which he, in the words of his famous grandson, Charles Robert Darwin, anticipated the views of Jean-Baptiste Lamarck, who in turn is regarded to have foreshadowed the theory of evolution.",2,6955.73,3.8423427156846266,0.6506961167559431,0.0,0.0,1
114,19,generation,"""generation,""",19,"His most important scientific work is his Zoönomia (1794–1796), which contains a system of pathology, and a treatise on ""generation,"" in which he, in the words of his famous grandson, Charles Robert Darwin, anticipated the views of Jean-Baptiste Lamarck, who in turn is regarded to have foreshadowed the theory of evolution.",10,12.14,1.0842186867392387,0.9014346648418874,0.0,1.0,1
114,20,in,in,20,"His most important scientific work is his Zoönomia (1794–1796), which contains a system of pathology, and a treatise on ""generation,"" in which he, in the words of his famous grandson, Charles Robert Darwin, anticipated the views of Jean-Baptiste Lamarck, who in turn is regarded to have foreshadowed the theory of evolution.",2,9773.41,3.9900461180481677,0.6372685347228939,0.0,0.0,1
114,21,which,which,21,"His most important scientific work is his Zoönomia (1794–1796), which contains a system of pathology, and a treatise on ""generation,"" in which he, in the words of his famous grandson, Charles Robert Darwin, anticipated the views of Jean-Baptiste Lamarck, who in turn is regarded to have foreshadowed the theory of evolution.",5,477.24,2.6787368370336053,0.7564784693605813,0.0,0.0,1
114,22,he,"he,",22,"His most important scientific work is his Zoönomia (1794–1796), which contains a system of pathology, and a treatise on ""generation,"" in which he, in the words of his famous grandson, Charles Robert Darwin, anticipated the views of Jean-Baptiste Lamarck, who in turn is regarded to have foreshadowed the theory of evolution.",2,7637.2,3.882934163885178,0.6470059851013474,0.0,0.0,1
114,23,in,in,23,"His most important scientific work is his Zoönomia (1794–1796), which contains a system of pathology, and a treatise on ""generation,"" in which he, in the words of his famous grandson, Charles Robert Darwin, anticipated the views of Jean-Baptiste Lamarck, who in turn is regarded to have foreshadowed the theory of evolution.",2,9773.41,3.9900461180481677,0.6372685347228939,0.0,0.0,1
114,24,the,the,24,"His most important scientific work is his Zoönomia (1794–1796), which contains a system of pathology, and a treatise on ""generation,"" in which he, in the words of his famous grandson, Charles Robert Darwin, anticipated the views of Jean-Baptiste Lamarck, who in turn is regarded to have foreshadowed the theory of evolution.",3,29449.18,4.469073206544746,0.5937206175868412,0.0,0.0,1
114,25,words,words,25,"His most important scientific work is his Zoönomia (1794–1796), which contains a system of pathology, and a treatise on ""generation,"" in which he, in the words of his famous grandson, Charles Robert Darwin, anticipated the views of Jean-Baptiste Lamarck, who in turn is regarded to have foreshadowed the theory of evolution.",5,122.02,2.0864310206563688,0.8103244526676028,0.0,0.0,1
114,26,of,of,26,"His most important scientific work is his Zoönomia (1794–1796), which contains a system of pathology, and a treatise on ""generation,"" in which he, in the words of his famous grandson, Charles Robert Darwin, anticipated the views of Jean-Baptiste Lamarck, who in turn is regarded to have foreshadowed the theory of evolution.",2,11577.24,4.063605036452092,0.6305813603225371,0.0,0.0,1
114,27,his,his,27,"His most important scientific work is his Zoönomia (1794–1796), which contains a system of pathology, and a treatise on ""generation,"" in which he, in the words of his famous grandson, Charles Robert Darwin, anticipated the views of Jean-Baptiste Lamarck, who in turn is regarded to have foreshadowed the theory of evolution.",3,2124.78,3.3273139698064678,0.6975169118357756,0.0,0.0,1
114,28,famous,famous,28,"His most important scientific work is his Zoönomia (1794–1796), which contains a system of pathology, and a treatise on ""generation,"" in which he, in the words of his famous grandson, Charles Robert Darwin, anticipated the views of Jean-Baptiste Lamarck, who in turn is regarded to have foreshadowed the theory of evolution.",6,45.02,1.6534054906645013,0.8496904099395908,0.0,1.0,1
114,29,grandson,"grandson,",29,"His most important scientific work is his Zoönomia (1794–1796), which contains a system of pathology, and a treatise on ""generation,"" in which he, in the words of his famous grandson, Charles Robert Darwin, anticipated the views of Jean-Baptiste Lamarck, who in turn is regarded to have foreshadowed the theory of evolution.",8,7.98,0.9020028913507294,0.9179997371499337,0.0,1.0,1
114,30,charles,Charles,30,"His most important scientific work is his Zoönomia (1794–1796), which contains a system of pathology, and a treatise on ""generation,"" in which he, in the words of his famous grandson, Charles Robert Darwin, anticipated the views of Jean-Baptiste Lamarck, who in turn is regarded to have foreshadowed the theory of evolution.",7,51.1,1.7084209001347128,0.8446890090786625,0.0,0.0,1
114,31,robert,Robert,31,"His most important scientific work is his Zoönomia (1794–1796), which contains a system of pathology, and a treatise on ""generation,"" in which he, in the words of his famous grandson, Charles Robert Darwin, anticipated the views of Jean-Baptiste Lamarck, who in turn is regarded to have foreshadowed the theory of evolution.",6,63.18,1.80057962156913,0.8363109434937155,0.0,1.0,1
114,32,darwin,"Darwin,",32,"His most important scientific work is his Zoönomia (1794–1796), which contains a system of pathology, and a treatise on ""generation,"" in which he, in the words of his famous grandson, Charles Robert Darwin, anticipated the views of Jean-Baptiste Lamarck, who in turn is regarded to have foreshadowed the theory of evolution.",6,2.33,0.367355921026019,0.9666040071794528,0.0,1.0,1
114,33,anticipated,anticipated,33,"His most important scientific work is his Zoönomia (1794–1796), which contains a system of pathology, and a treatise on ""generation,"" in which he, in the words of his famous grandson, Charles Robert Darwin, anticipated the views of Jean-Baptiste Lamarck, who in turn is regarded to have foreshadowed the theory of evolution.",11,2.63,0.41995574848975786,0.9618222046827493,0.0,1.0,1
114,34,the,the,34,"His most important scientific work is his Zoönomia (1794–1796), which contains a system of pathology, and a treatise on ""generation,"" in which he, in the words of his famous grandson, Charles Robert Darwin, anticipated the views of Jean-Baptiste Lamarck, who in turn is regarded to have foreshadowed the theory of evolution.",3,29449.18,4.469073206544746,0.5937206175868412,0.0,0.0,1
114,35,views,views,35,"His most important scientific work is his Zoönomia (1794–1796), which contains a system of pathology, and a treatise on ""generation,"" in which he, in the words of his famous grandson, Charles Robert Darwin, anticipated the views of Jean-Baptiste Lamarck, who in turn is regarded to have foreshadowed the theory of evolution.",5,4.04,0.6063813651106049,0.9448744213535814,0.0,1.0,1
114,36,of,of,36,"His most important scientific work is his Zoönomia (1794–1796), which contains a system of pathology, and a treatise on ""generation,"" in which he, in the words of his famous grandson, Charles Robert Darwin, anticipated the views of Jean-Baptiste Lamarck, who in turn is regarded to have foreshadowed the theory of evolution.",2,11577.24,4.063605036452092,0.6305813603225371,0.0,0.0,1
114,37,jeanbaptiste,Jean-Baptiste,37,"His most important scientific work is his Zoönomia (1794–1796), which contains a system of pathology, and a treatise on ""generation,"" in which he, in the words of his famous grandson, Charles Robert Darwin, anticipated the views of Jean-Baptiste Lamarck, who in turn is regarded to have foreshadowed the theory of evolution.",12,1.0,0.0,1.0,0.0,1.0,1
114,38,lamarck,"Lamarck,",38,"His most important scientific work is his Zoönomia (1794–1796), which contains a system of pathology, and a treatise on ""generation,"" in which he, in the words of his famous grandson, Charles Robert Darwin, anticipated the views of Jean-Baptiste Lamarck, who in turn is regarded to have foreshadowed the theory of evolution.",7,1.0,0.0,1.0,0.0,1.0,1
114,39,who,who,39,"His most important scientific work is his Zoönomia (1794–1796), which contains a system of pathology, and a treatise on ""generation,"" in which he, in the words of his famous grandson, Charles Robert Darwin, anticipated the views of Jean-Baptiste Lamarck, who in turn is regarded to have foreshadowed the theory of evolution.",3,2222.94,3.3469277406924336,0.6957338417552332,0.0,0.0,1
114,40,in,in,40,"His most important scientific work is his Zoönomia (1794–1796), which contains a system of pathology, and a treatise on ""generation,"" in which he, in the words of his famous grandson, Charles Robert Darwin, anticipated the views of Jean-Baptiste Lamarck, who in turn is regarded to have foreshadowed the theory of evolution.",2,9773.41,3.9900461180481677,0.6372685347228939,0.0,0.0,1
114,41,turn,turn,41,"His most important scientific work is his Zoönomia (1794–1796), which contains a system of pathology, and a treatise on ""generation,"" in which he, in the words of his famous grandson, Charles Robert Darwin, anticipated the views of Jean-Baptiste Lamarck, who in turn is regarded to have foreshadowed the theory of evolution.",4,306.47,2.4863879683417904,0.7739647301507463,0.0,0.0,1
114,42,is,is,42,"His most important scientific work is his Zoönomia (1794–1796), which contains a system of pathology, and a treatise on ""generation,"" in which he, in the words of his famous grandson, Charles Robert Darwin, anticipated the views of Jean-Baptiste Lamarck, who in turn is regarded to have foreshadowed the theory of evolution.",2,9013.0,3.9548693710664784,0.6404664208121383,0.0,0.0,1
114,43,regarded,regarded,43,"His most important scientific work is his Zoönomia (1794–1796), which contains a system of pathology, and a treatise on ""generation,"" in which he, in the words of his famous grandson, Charles Robert Darwin, anticipated the views of Jean-Baptiste Lamarck, who in turn is regarded to have foreshadowed the theory of evolution.",8,2.04,0.3096301674258988,0.9718518029612819,0.0,1.0,1
114,44,to,to,44,"His most important scientific work is his Zoönomia (1794–1796), which contains a system of pathology, and a treatise on ""generation,"" in which he, in the words of his famous grandson, Charles Robert Darwin, anticipated the views of Jean-Baptiste Lamarck, who in turn is regarded to have foreshadowed the theory of evolution.",2,22677.84,4.355601686871926,0.6040362102843704,0.0,0.0,1
114,45,have,have,45,"His most important scientific work is his Zoönomia (1794–1796), which contains a system of pathology, and a treatise on ""generation,"" in which he, in the words of his famous grandson, Charles Robert Darwin, anticipated the views of Jean-Baptiste Lamarck, who in turn is regarded to have foreshadowed the theory of evolution.",4,6161.41,3.7896801091039247,0.6554836264450978,0.0,0.0,1
114,46,foreshadowed,foreshadowed,46,"His most important scientific work is his Zoönomia (1794–1796), which contains a system of pathology, and a treatise on ""generation,"" in which he, in the words of his famous grandson, Charles Robert Darwin, anticipated the views of Jean-Baptiste Lamarck, who in turn is regarded to have foreshadowed the theory of evolution.",12,1.0,0.0,1.0,0.0,1.0,1
114,47,the,the,47,"His most important scientific work is his Zoönomia (1794–1796), which contains a system of pathology, and a treatise on ""generation,"" in which he, in the words of his famous grandson, Charles Robert Darwin, anticipated the views of Jean-Baptiste Lamarck, who in turn is regarded to have foreshadowed the theory of evolution.",3,29449.18,4.469073206544746,0.5937206175868412,0.0,0.0,1
114,48,theory,theory,48,"His most important scientific work is his Zoönomia (1794–1796), which contains a system of pathology, and a treatise on ""generation,"" in which he, in the words of his famous grandson, Charles Robert Darwin, anticipated the views of Jean-Baptiste Lamarck, who in turn is regarded to have foreshadowed the theory of evolution.",6,28.61,1.4565178578052627,0.867589285654067,0.0,0.0,1
114,49,of,of,49,"His most important scientific work is his Zoönomia (1794–1796), which contains a system of pathology, and a treatise on ""generation,"" in which he, in the words of his famous grandson, Charles Robert Darwin, anticipated the views of Jean-Baptiste Lamarck, who in turn is regarded to have foreshadowed the theory of evolution.",2,11577.24,4.063605036452092,0.6305813603225371,0.0,0.0,1
114,50,evolution,evolution.,50,"His most important scientific work is his Zoönomia (1794–1796), which contains a system of pathology, and a treatise on ""generation,"" in which he, in the words of his famous grandson, Charles Robert Darwin, anticipated the views of Jean-Baptiste Lamarck, who in turn is regarded to have foreshadowed the theory of evolution.",9,5.33,0.7267272090265723,0.9339338900884935,0.0,0.0,1
71,0,the,The,0,"The same year, he renounced his Württemberg citizenship and became stateless.",3,29449.18,4.469073206544746,0.5937206175868412,0.0,0.0,1
71,1,same,same,1,"The same year, he renounced his Württemberg citizenship and became stateless.",4,417.18,2.6203234797692594,0.7617887745664309,0.0,0.0,1
71,2,year,"year,",2,"The same year, he renounced his Württemberg citizenship and became stateless.",4,277.92,2.4439198011030236,0.7778254726269979,0.0,0.0,1
71,3,he,he,3,"The same year, he renounced his Württemberg citizenship and became stateless.",2,7637.2,3.882934163885178,0.6470059851013474,0.0,0.0,1
71,4,renounced,renounced,4,"The same year, he renounced his Württemberg citizenship and became stateless.",9,0.29,-0.5376020021010439,1.0488729092819131,0.0,1.0,1
71,5,his,his,5,"The same year, he renounced his Württemberg citizenship and became stateless.",3,2124.78,3.3273139698064678,0.6975169118357756,0.0,0.0,1
71,6,württemberg,Württemberg,6,"The same year, he renounced his Württemberg citizenship and became stateless.",11,1.0,0.0,1.0,0.0,1.0,1
71,7,citizenship,citizenship,7,"The same year, he renounced his Württemberg citizenship and became stateless.",11,1.33,0.12385164096708583,0.9887407599120831,0.0,0.0,1
71,8,and,and,8,"The same year, he renounced his Württemberg citizenship and became stateless.",3,13387.84,4.126710513400982,0.6248444987817289,0.0,0.0,1
71,9,became,became,9,"The same year, he renounced his Württemberg citizenship and became stateless.",6,47.75,1.6789733759197651,0.8473660567345668,0.0,0.0,1
71,10,stateless,stateless.,10,"The same year, he renounced his Württemberg citizenship and became stateless.",9,0.14,-0.8538719643217619,1.0776247240292511,0.0,0.0,1
52,0,another,Another,0,"Another descendant, Eve LaPlante, is the author of the most recent biography of Anne Hutchinson, American Jezebel: The Uncommon Life of Anne Hutchinson, the Woman Who Defied the Puritans.",7,509.22,2.7069054525602967,0.7539176861308821,0.0,0.0,1
52,1,descendant,"descendant,",1,"Another descendant, Eve LaPlante, is the author of the most recent biography of Anne Hutchinson, American Jezebel: The Uncommon Life of Anne Hutchinson, the Woman Who Defied the Puritans.",10,1.08,0.03342375548694973,0.9969614767739137,0.0,1.0,1
52,2,eve,Eve,2,"Another descendant, Eve LaPlante, is the author of the most recent biography of Anne Hutchinson, American Jezebel: The Uncommon Life of Anne Hutchinson, the Woman Who Defied the Puritans.",3,28.18,1.4499409887733377,0.8681871828387875,0.0,1.0,1
52,3,laplante,"LaPlante,",3,"Another descendant, Eve LaPlante, is the author of the most recent biography of Anne Hutchinson, American Jezebel: The Uncommon Life of Anne Hutchinson, the Woman Who Defied the Puritans.",8,1.0,0.0,1.0,0.0,1.0,1
52,4,is,is,4,"Another descendant, Eve LaPlante, is the author of the most recent biography of Anne Hutchinson, American Jezebel: The Uncommon Life of Anne Hutchinson, the Woman Who Defied the Puritans.",2,9013.0,3.9548693710664784,0.6404664208121383,0.0,0.0,1
52,5,the,the,5,"Another descendant, Eve LaPlante, is the author of the most recent biography of Anne Hutchinson, American Jezebel: The Uncommon Life of Anne Hutchinson, the Woman Who Defied the Puritans.",3,29449.18,4.469073206544746,0.5937206175868412,0.0,0.0,1
52,6,author,author,6,"Another descendant, Eve LaPlante, is the author of the most recent biography of Anne Hutchinson, American Jezebel: The Uncommon Life of Anne Hutchinson, the Woman Who Defied the Puritans.",6,7.94,0.8998205024270962,0.9181981361429913,0.0,0.0,1
52,7,of,of,7,"Another descendant, Eve LaPlante, is the author of the most recent biography of Anne Hutchinson, American Jezebel: The Uncommon Life of Anne Hutchinson, the Woman Who Defied the Puritans.",2,11577.24,4.063605036452092,0.6305813603225371,0.0,0.0,1
52,8,the,the,8,"Another descendant, Eve LaPlante, is the author of the most recent biography of Anne Hutchinson, American Jezebel: The Uncommon Life of Anne Hutchinson, the Woman Who Defied the Puritans.",3,29449.18,4.469073206544746,0.5937206175868412,0.0,0.0,1
52,9,most,most,9,"Another descendant, Eve LaPlante, is the author of the most recent biography of Anne Hutchinson, American Jezebel: The Uncommon Life of Anne Hutchinson, the Woman Who Defied the Puritans.",4,350.76,2.545010061405061,0.7686354489631763,0.0,0.0,1
52,10,recent,recent,10,"Another descendant, Eve LaPlante, is the author of the most recent biography of Anne Hutchinson, American Jezebel: The Uncommon Life of Anne Hutchinson, the Woman Who Defied the Puritans.",6,13.12,1.1179338350396415,0.8983696513600326,0.0,0.0,1
52,11,biography,biography,11,"Another descendant, Eve LaPlante, is the author of the most recent biography of Anne Hutchinson, American Jezebel: The Uncommon Life of Anne Hutchinson, the Woman Who Defied the Puritans.",9,1.47,0.16731733474817606,0.9847893332047113,0.0,0.0,1
52,12,of,of,12,"Another descendant, Eve LaPlante, is the author of the most recent biography of Anne Hutchinson, American Jezebel: The Uncommon Life of Anne Hutchinson, the Woman Who Defied the Puritans.",2,11577.24,4.063605036452092,0.6305813603225371,0.0,0.0,1
52,13,anne,Anne,13,"Another descendant, Eve LaPlante, is the author of the most recent biography of Anne Hutchinson, American Jezebel: The Uncommon Life of Anne Hutchinson, the Woman Who Defied the Puritans.",4,20.88,1.3197304943302246,0.8800245005154341,0.0,0.0,1
52,14,hutchinson,"Hutchinson,",14,"Another descendant, Eve LaPlante, is the author of the most recent biography of Anne Hutchinson, American Jezebel: The Uncommon Life of Anne Hutchinson, the Woman Who Defied the Puritans.",10,1.0,0.0,1.0,0.0,1.0,1
52,15,american,American,15,"Another descendant, Eve LaPlante, is the author of the most recent biography of Anne Hutchinson, American Jezebel: The Uncommon Life of Anne Hutchinson, the Woman Who Defied the Puritans.",8,102.22,2.009535876619218,0.8173149203073438,0.0,1.0,1
52,16,jezebel,Jezebel:,16,"Another descendant, Eve LaPlante, is the author of the most recent biography of Anne Hutchinson, American Jezebel: The Uncommon Life of Anne Hutchinson, the Woman Who Defied the Puritans.",7,0.67,-0.17392519729917352,1.0158113815726522,0.0,1.0,1
52,17,the,The,17,"Another descendant, Eve LaPlante, is the author of the most recent biography of Anne Hutchinson, American Jezebel: The Uncommon Life of Anne Hutchinson, the Woman Who Defied the Puritans.",3,29449.18,4.469073206544746,0.5937206175868412,0.0,0.0,1
52,18,uncommon,Uncommon,18,"Another descendant, Eve LaPlante, is the author of the most recent biography of Anne Hutchinson, American Jezebel: The Uncommon Life of Anne Hutchinson, the Woman Who Defied the Puritans.",8,2.16,0.3344537511509309,0.9695951135317336,0.0,1.0,1
52,19,life,Life,19,"Another descendant, Eve LaPlante, is the author of the most recent biography of Anne Hutchinson, American Jezebel: The Uncommon Life of Anne Hutchinson, the Woman Who Defied the Puritans.",4,796.65,2.9012675604748184,0.7362484035931983,0.0,0.0,1
52,20,of,of,20,"Another descendant, Eve LaPlante, is the author of the most recent biography of Anne Hutchinson, American Jezebel: The Uncommon Life of Anne Hutchinson, the Woman Who Defied the Puritans.",2,11577.24,4.063605036452092,0.6305813603225371,0.0,0.0,1
52,21,anne,Anne,21,"Another descendant, Eve LaPlante, is the author of the most recent biography of Anne Hutchinson, American Jezebel: The Uncommon Life of Anne Hutchinson, the Woman Who Defied the Puritans.",4,20.88,1.3197304943302246,0.8800245005154341,0.0,0.0,1
52,22,hutchinson,"Hutchinson,",22,"Another descendant, Eve LaPlante, is the author of the most recent biography of Anne Hutchinson, American Jezebel: The Uncommon Life of Anne Hutchinson, the Woman Who Defied the Puritans.",10,1.0,0.0,1.0,0.0,0.0,1
52,23,the,the,23,"Another descendant, Eve LaPlante, is the author of the most recent biography of Anne Hutchinson, American Jezebel: The Uncommon Life of Anne Hutchinson, the Woman Who Defied the Puritans.",3,29449.18,4.469073206544746,0.5937206175868412,0.0,0.0,1
52,24,woman,Woman,24,"Another descendant, Eve LaPlante, is the author of the most recent biography of Anne Hutchinson, American Jezebel: The Uncommon Life of Anne Hutchinson, the Woman Who Defied the Puritans.",5,434.63,2.63811969986024,0.7601709363763418,0.0,0.0,1
52,25,who,Who,25,"Another descendant, Eve LaPlante, is the author of the most recent biography of Anne Hutchinson, American Jezebel: The Uncommon Life of Anne Hutchinson, the Woman Who Defied the Puritans.",3,2222.94,3.3469277406924336,0.6957338417552332,0.0,0.0,1
52,26,defied,Defied,26,"Another descendant, Eve LaPlante, is the author of the most recent biography of Anne Hutchinson, American Jezebel: The Uncommon Life of Anne Hutchinson, the Woman Who Defied the Puritans.",6,1.04,0.01703333929878037,0.9984515146092018,0.0,1.0,1
52,27,the,the,27,"Another descendant, Eve LaPlante, is the author of the most recent biography of Anne Hutchinson, American Jezebel: The Uncommon Life of Anne Hutchinson, the Woman Who Defied the Puritans.",3,29449.18,4.469073206544746,0.5937206175868412,0.0,0.0,1
52,28,puritans,Puritans.,28,"Another descendant, Eve LaPlante, is the author of the most recent biography of Anne Hutchinson, American Jezebel: The Uncommon Life of Anne Hutchinson, the Woman Who Defied the Puritans.",8,0.31,-0.5086383061657274,1.0462398460150661,0.0,0.0,1
279,0,he,He,0,"He was a participant in the Underground Railroad, and even petitioned the New York state Legislature to secede from the Union in a protest against slavery.",2,7637.2,3.882934163885178,0.6470059851013474,0.0,0.0,1
279,1,was,was,1,"He was a participant in the Underground Railroad, and even petitioned the New York state Legislature to secede from the Union in a protest against slavery.",3,5654.73,3.75241187322089,0.65887164788901,0.0,0.0,1
279,2,a,a,2,"He was a participant in the Underground Railroad, and even petitioned the New York state Legislature to secede from the Union in a protest against slavery.",1,20415.27,4.309955128012859,0.6081858974533765,0.0,0.0,1
279,3,participant,participant,3,"He was a participant in the Underground Railroad, and even petitioned the New York state Legislature to secede from the Union in a protest against slavery.",11,0.59,-0.22914798835785583,1.0208316353052596,0.0,1.0,1
279,4,in,in,4,"He was a participant in the Underground Railroad, and even petitioned the New York state Legislature to secede from the Union in a protest against slavery.",2,9773.41,3.9900461180481677,0.6372685347228939,0.0,0.0,1
279,5,the,the,5,"He was a participant in the Underground Railroad, and even petitioned the New York state Legislature to secede from the Union in a protest against slavery.",3,29449.18,4.469073206544746,0.5937206175868412,0.0,0.0,1
279,6,underground,Underground,6,"He was a participant in the Underground Railroad, and even petitioned the New York state Legislature to secede from the Union in a protest against slavery.",11,12.02,1.0799044676667207,0.9018268665757527,0.0,0.0,1
279,7,railroad,"Railroad,",7,"He was a participant in the Underground Railroad, and even petitioned the New York state Legislature to secede from the Union in a protest against slavery.",8,12.43,1.0944711286416449,0.9005026246689414,0.0,0.0,1
279,8,and,and,8,"He was a participant in the Underground Railroad, and even petitioned the New York state Legislature to secede from the Union in a protest against slavery.",3,13387.84,4.126710513400982,0.6248444987817289,0.0,0.0,1
279,9,even,even,9,"He was a participant in the Underground Railroad, and even petitioned the New York state Legislature to secede from the Union in a protest against slavery.",4,875.92,2.942464442760418,0.7325032324763256,0.0,0.0,1
279,10,petitioned,petitioned,10,"He was a participant in the Underground Railroad, and even petitioned the New York state Legislature to secede from the Union in a protest against slavery.",10,0.29,-0.5376020021010439,1.0488729092819131,0.0,0.0,1
279,11,the,the,11,"He was a participant in the Underground Railroad, and even petitioned the New York state Legislature to secede from the Union in a protest against slavery.",3,29449.18,4.469073206544746,0.5937206175868412,0.0,0.0,1
279,12,new,New,12,"He was a participant in the Underground Railroad, and even petitioned the New York state Legislature to secede from the Union in a protest against slavery.",3,723.78,2.859606578206217,0.7400357656176166,0.0,0.0,1
279,13,york,York,13,"He was a participant in the Underground Railroad, and even petitioned the New York state Legislature to secede from the Union in a protest against slavery.",4,138.61,2.141794563523657,0.8052914033160312,0.0,0.0,1
279,14,state,state,14,"He was a participant in the Underground Railroad, and even petitioned the New York state Legislature to secede from the Union in a protest against slavery.",5,107.84,2.032779879191245,0.8152018291644323,0.0,0.0,1
279,15,legislature,Legislature,15,"He was a participant in the Underground Railroad, and even petitioned the New York state Legislature to secede from the Union in a protest against slavery.",11,0.78,-0.10790539730951959,1.0098095815735928,0.0,0.0,1
279,16,to,to,16,"He was a participant in the Underground Railroad, and even petitioned the New York state Legislature to secede from the Union in a protest against slavery.",2,22677.84,4.355601686871926,0.6040362102843704,0.0,0.0,1
279,17,secede,secede,17,"He was a participant in the Underground Railroad, and even petitioned the New York state Legislature to secede from the Union in a protest against slavery.",6,0.08,-1.0969100130080565,1.0997190920916415,0.0,1.0,1
279,18,from,from,18,"He was a participant in the Underground Railroad, and even petitioned the New York state Legislature to secede from the Union in a protest against slavery.",4,2039.06,3.309430005221756,0.6991427267980221,0.0,0.0,1
279,19,the,the,19,"He was a participant in the Underground Railroad, and even petitioned the New York state Legislature to secede from the Union in a protest against slavery.",3,29449.18,4.469073206544746,0.5937206175868412,0.0,0.0,1
279,20,union,Union,20,"He was a participant in the Underground Railroad, and even petitioned the New York state Legislature to secede from the Union in a protest against slavery.",5,21.78,1.3380578754197563,0.8783583749618403,0.0,0.0,1
279,21,in,in,21,"He was a participant in the Underground Railroad, and even petitioned the New York state Legislature to secede from the Union in a protest against slavery.",2,9773.41,3.9900461180481677,0.6372685347228939,0.0,0.0,1
279,22,a,a,22,"He was a participant in the Underground Railroad, and even petitioned the New York state Legislature to secede from the Union in a protest against slavery.",1,20415.27,4.309955128012859,0.6081858974533765,0.0,0.0,1
279,23,protest,protest,23,"He was a participant in the Underground Railroad, and even petitioned the New York state Legislature to secede from the Union in a protest against slavery.",7,8.78,0.9434945159061026,0.9142277712812634,0.0,0.0,1
279,24,against,against,24,"He was a participant in the Underground Railroad, and even petitioned the New York state Legislature to secede from the Union in a protest against slavery.",7,201.73,2.3047704885232587,0.7904754101342493,0.0,0.0,1
279,25,slavery,slavery.,25,"He was a participant in the Underground Railroad, and even petitioned the New York state Legislature to secede from the Union in a protest against slavery.",7,4.06,0.608526033577194,0.9446794514929824,0.0,0.0,1
44,0,they,They,0,"They had five children after which they relocated to Norwich, Vermont where Bush was a Captain of a militia company.",4,4102.94,3.61309516603846,0.6715368030874127,0.0,0.0,1
44,1,had,had,1,"They had five children after which they relocated to Norwich, Vermont where Bush was a Captain of a militia company.",3,1675.92,3.2242532837526223,0.7068860651133979,0.0,0.0,1
44,2,five,five,2,"They had five children after which they relocated to Norwich, Vermont where Bush was a Captain of a militia company.",4,285.45,2.4555300473427017,0.776769995696118,0.0,0.0,1
44,3,children,children,3,"They had five children after which they relocated to Norwich, Vermont where Bush was a Captain of a militia company.",8,175.1,2.243286146083446,0.7960648958105958,0.0,0.0,1
44,4,after,after,4,"They had five children after which they relocated to Norwich, Vermont where Bush was a Captain of a militia company.",5,682.59,2.834159921539117,0.7423490980418985,0.0,0.0,1
44,5,which,which,5,"They had five children after which they relocated to Norwich, Vermont where Bush was a Captain of a militia company.",5,477.24,2.6787368370336053,0.7564784693605813,0.0,0.0,1
44,6,they,they,6,"They had five children after which they relocated to Norwich, Vermont where Bush was a Captain of a militia company.",4,4102.94,3.61309516603846,0.6715368030874127,0.0,0.0,1
44,7,relocated,relocated,7,"They had five children after which they relocated to Norwich, Vermont where Bush was a Captain of a militia company.",9,0.8,-0.09691001300805639,1.0088100011825505,0.0,1.0,1
44,8,to,to,8,"They had five children after which they relocated to Norwich, Vermont where Bush was a Captain of a militia company.",2,22677.84,4.355601686871926,0.6040362102843704,0.0,0.0,1
44,9,norwich,"Norwich,",9,"They had five children after which they relocated to Norwich, Vermont where Bush was a Captain of a militia company.",7,1.0,0.0,1.0,0.0,1.0,1
44,10,vermont,Vermont,10,"They had five children after which they relocated to Norwich, Vermont where Bush was a Captain of a militia company.",7,4.37,0.6404814369704218,0.9417744148208708,0.0,0.0,1
44,11,where,where,11,"They had five children after which they relocated to Norwich, Vermont where Bush was a Captain of a militia company.",5,1830.22,3.262503296857943,0.7034087911947324,0.0,0.0,1
44,12,bush,Bush,12,"They had five children after which they relocated to Norwich, Vermont where Bush was a Captain of a militia company.",4,14.12,1.1498346967157849,0.8954695730258377,0.0,1.0,1
44,13,was,was,13,"They had five children after which they relocated to Norwich, Vermont where Bush was a Captain of a militia company.",3,5654.73,3.75241187322089,0.65887164788901,0.0,0.0,1
44,14,a,a,14,"They had five children after which they relocated to Norwich, Vermont where Bush was a Captain of a militia company.",1,20415.27,4.309955128012859,0.6081858974533765,0.0,0.0,1
44,15,captain,Captain,15,"They had five children after which they relocated to Norwich, Vermont where Bush was a Captain of a militia company.",7,208.27,2.3186267170299666,0.7892157529972758,0.0,0.0,1
44,16,of,of,16,"They had five children after which they relocated to Norwich, Vermont where Bush was a Captain of a militia company.",2,11577.24,4.063605036452092,0.6305813603225371,0.0,0.0,1
44,17,a,a,17,"They had five children after which they relocated to Norwich, Vermont where Bush was a Captain of a militia company.",1,20415.27,4.309955128012859,0.6081858974533765,0.0,0.0,1
44,18,militia,militia,18,"They had five children after which they relocated to Norwich, Vermont where Bush was a Captain of a militia company.",7,2.25,0.3521825181113625,0.9679834074444216,0.0,0.0,1
44,19,company,company.,19,"They had five children after which they relocated to Norwich, Vermont where Bush was a Captain of a militia company.",7,147.2,2.16790781000148,0.8029174718180473,0.0,0.0,1
216,0,on,On,0,"On May 18, 1916 he was ""tapped"" to join the Skull and Bones society at Yale.",2,6955.73,3.8423427156846266,0.6506961167559431,0.0,0.0,1
216,1,may,May,1,"On May 18, 1916 he was ""tapped"" to join the Skull and Bones society at Yale.",3,511.37,2.7087352461450998,0.7537513412595364,0.0,0.0,1
216,2,18,"18,",2,"On May 18, 1916 he was ""tapped"" to join the Skull and Bones society at Yale.",2,1.0,0.0,1.0,0.0,1.0,1
216,3,1916,1916,3,"On May 18, 1916 he was ""tapped"" to join the Skull and Bones society at Yale.",4,1.0,0.0,1.0,0.0,1.0,1
216,4,he,he,4,"On May 18, 1916 he was ""tapped"" to join the Skull and Bones society at Yale.",2,7637.2,3.882934163885178,0.6470059851013474,0.0,0.0,1
216,5,was,was,5,"On May 18, 1916 he was ""tapped"" to join the Skull and Bones society at Yale.",3,5654.73,3.75241187322089,0.65887164788901,0.0,0.0,1
216,6,tapped,"""tapped""",6,"On May 18, 1916 he was ""tapped"" to join the Skull and Bones society at Yale.",6,4.47,0.6503075231319364,0.940881134260733,0.0,1.0,1
216,7,to,to,7,"On May 18, 1916 he was ""tapped"" to join the Skull and Bones society at Yale.",2,22677.84,4.355601686871926,0.6040362102843704,0.0,0.0,1
216,8,join,join,8,"On May 18, 1916 he was ""tapped"" to join the Skull and Bones society at Yale.",4,83.43,1.921322243583822,0.8253343414923798,0.0,0.0,1
216,9,the,the,9,"On May 18, 1916 he was ""tapped"" to join the Skull and Bones society at Yale.",3,29449.18,4.469073206544746,0.5937206175868412,0.0,0.0,1
216,10,skull,Skull,10,"On May 18, 1916 he was ""tapped"" to join the Skull and Bones society at Yale.",5,14.71,1.1676126727275302,0.8938533933884063,0.0,0.0,1
216,11,and,and,11,"On May 18, 1916 he was ""tapped"" to join the Skull and Bones society at Yale.",3,13387.84,4.126710513400982,0.6248444987817289,0.0,0.0,1
216,12,bones,Bones,12,"On May 18, 1916 he was ""tapped"" to join the Skull and Bones society at Yale.",5,30.61,1.4858633295973347,0.8649215154911514,0.0,0.0,1
216,13,society,society,13,"On May 18, 1916 he was ""tapped"" to join the Skull and Bones society at Yale.",7,32.92,1.5174598265402321,0.8620491066781607,0.0,1.0,1
216,14,at,at,14,"On May 18, 1916 he was ""tapped"" to join the Skull and Bones society at Yale.",2,3217.1,3.5074645606760466,0.6811395853930866,0.0,0.0,1
216,15,yale,Yale.,15,"On May 18, 1916 he was ""tapped"" to join the Skull and Bones society at Yale.",4,14.39,1.1580607939366052,0.8947217460057632,0.0,0.0,1
